{"stat.flyOneCm":83337,"stat.pickup.minecraft.lever":1,"stat.walkOneCm":13571,"stat.jump":20,"stat.playOneMinute":21576,"stat.useItem.minecraft.lever":4,"stat.useItem.minecraft.redstone":2,"stat.sneakTime":310,"stat.useItem.minecraft.golden_rail":2,"stat.pickup.minecraft.redstone":2,"stat.crouchOneCm":786,"stat.timeSinceDeath":21576,"stat.sprintOneCm":95,"stat.useItem.minecraft.stone_slab2":70,"stat.pickup.minecraft.golden_rail":1,"stat.minecartOneCm":430049,"stat.useItem.minecraft.sandstone":14}