{"stat.walkOneCm":14187,"stat.pickup.miscrails.deceleration_rail":3,"stat.pickup.miscrails.brake_rail":2,"stat.leaveGame":1,"stat.mineBlock.minecraft.rail":3,"stat.mineBlock.miscrails.brake_rail":2,"stat.useItem.miscrails.speed_rail":4,"stat.minecartOneCm":320,"stat.mineBlock.miscrails.deceleration_rail":3,"stat.flyOneCm":1168,"stat.mineBlock.miscrails.powered_speed_rail":1,"stat.pickup.miscrails.powered_speed_rail":1,"stat.jump":12,"stat.pickup.miscrails.speed_rail":13,"stat.playOneMinute":2900,"stat.mineBlock.miscrails.speed_rail":13,"stat.sneakTime":168,"stat.useItem.miscrails.wrench":20,"stat.crouchOneCm":242,"stat.pickup.minecraft.rail":3,"stat.timeSinceDeath":2900,"stat.sprintOneCm":3760,"stat.pickup.minecraft.minecart":1,"stat.useItem.minecraft.stone_slab2":14}