{"stat.flyOneCm":5592,"stat.walkOneCm":15913,"stat.pickup.miscrails.powered_speed_rail":1,"stat.jump":23,"stat.swimOneCm":691,"stat.pickup.miscrails.speed_rail":4,"stat.playOneMinute":9390,"stat.useItem.minecraft.redstone":1,"stat.leaveGame":1,"stat.sneakTime":184,"stat.useItem.minecraft.golden_rail":1,"stat.pickup.minecraft.redstone":1,"stat.crouchOneCm":411,"stat.timeSinceDeath":9390,"stat.useItem.minecraft.rail":2,"stat.useItem.minecraft.stone_slab2":24,"stat.useItem.miscrails.speed_rail":15,"stat.pickup.minecraft.golden_rail":1,"stat.minecartOneCm":34063,"stat.diveOneCm":4650,"stat.useItem.minecraft.sandstone":24,"stat.useItem.minecraft.water_bucket":68}