{"stat.craftItem.miscrails.speed_cart":1,"stat.craftItem.miscrails.launcher_block":1,"stat.walkOneCm":423,"stat.jump":1,"stat.playOneMinute":5371,"stat.craftItem.miscrails.deceleration_rail":1,"stat.craftItem.miscrails.wooden_rail":32,"stat.sneakTime":10,"stat.crouchOneCm":50,"stat.timeSinceDeath":5371,"stat.craftItem.miscrails.speed_rail":32,"stat.craftItem.miscrails.wrench":1,"stat.craftItem.miscrails.launching_rail":1,"stat.useItem.minecraft.stone_slab2":9,"stat.craftItem.miscrails.powered_speed_rail":32,"stat.pickup.miscrails.speed_cart":1,"stat.craftingTableInteraction":3}