{"stat.walkOneCm":41261,"stat.useItem.better_railroads.speed_rail":161,"stat.leaveGame":11,"stat.useItem.minecraft.flint_and_steel":5,"stat.useItem.better_railroads.intersection_rail":4,"stat.useItem.better_railroads.wrench":40,"stat.minecartOneCm":2133,"stat.flyOneCm":48199,"stat.pickup.minecraft.lever":1,"stat.jump":46,"stat.playOneMinute":46148,"stat.pickup.minecraft.furnace":2,"stat.sneakTime":939,"stat.useItem.better_railroads.wooden_rail":18,"stat.crouchOneCm":814,"stat.timeSinceDeath":46148,"stat.useItem.better_railroads.jump_rail":3,"stat.sprintOneCm":3589,"stat.pickup.minecraft.minecart":1,"stat.useItem.minecraft.stone_slab2":331}